{
    "Bike": {
        "precision": 0.9294871794871795,
        "recall": 0.9602649006622517,
        "f1-score": 0.9446254071661238,
        "support": 151.0
    },
    "Bus": {
        "precision": 0.9008264462809917,
        "recall": 0.7124183006535948,
        "f1-score": 0.7956204379562044,
        "support": 153.0
    },
    "Car & taxi": {
        "precision": 0.49056603773584906,
        "recall": 0.65,
        "f1-score": 0.5591397849462365,
        "support": 40.0
    },
    "Subway": {
        "precision": 0.8125,
        "recall": 0.7222222222222222,
        "f1-score": 0.7647058823529411,
        "support": 18.0
    },
    "Train": {
        "precision": 0.8148148148148148,
        "recall": 0.9166666666666666,
        "f1-score": 0.8627450980392157,
        "support": 24.0
    },
    "Walk": {
        "precision": 0.8581081081081081,
        "recall": 0.9407407407407408,
        "f1-score": 0.8975265017667845,
        "support": 135.0
    },
    "accuracy": 0.8483685220729367,
    "macro avg": {
        "precision": 0.8010504310711571,
        "recall": 0.8170521384909127,
        "f1-score": 0.8040605187045843,
        "support": 521.0
    },
    "weighted avg": {
        "precision": 0.8595524031538194,
        "recall": 0.8483685220729367,
        "f1-score": 0.8490798864895268,
        "support": 521.0
    }
}