{
    "Bike": {
        "precision": 0.9210526315789473,
        "recall": 0.9271523178807947,
        "f1-score": 0.9240924092409241,
        "support": 151.0
    },
    "Bus": {
        "precision": 0.8661417322834646,
        "recall": 0.7189542483660131,
        "f1-score": 0.7857142857142857,
        "support": 153.0
    },
    "Car & taxi": {
        "precision": 0.4583333333333333,
        "recall": 0.55,
        "f1-score": 0.5,
        "support": 40.0
    },
    "Subway": {
        "precision": 0.6111111111111112,
        "recall": 0.6111111111111112,
        "f1-score": 0.6111111111111112,
        "support": 18.0
    },
    "Train": {
        "precision": 0.7333333333333333,
        "recall": 0.9166666666666666,
        "f1-score": 0.8148148148148148,
        "support": 24.0
    },
    "Walk": {
        "precision": 0.8835616438356164,
        "recall": 0.9555555555555556,
        "f1-score": 0.9181494661921709,
        "support": 135.0
    },
    "accuracy": 0.8330134357005758,
    "macro avg": {
        "precision": 0.7455889642459677,
        "recall": 0.7799066499300236,
        "f1-score": 0.7589803478455511,
        "support": 521.0
    },
    "weighted avg": {
        "precision": 0.8403316461783736,
        "recall": 0.8330134357005758,
        "f1-score": 0.8335085854149017,
        "support": 521.0
    }
}