{
    "Bike": {
        "precision": 0.8974358974358975,
        "recall": 0.9271523178807947,
        "f1-score": 0.9120521172638436,
        "support": 151.0
    },
    "Bus": {
        "precision": 0.8761061946902655,
        "recall": 0.6470588235294118,
        "f1-score": 0.7443609022556391,
        "support": 153.0
    },
    "Car & taxi": {
        "precision": 0.42105263157894735,
        "recall": 0.6,
        "f1-score": 0.4948453608247423,
        "support": 40.0
    },
    "Subway": {
        "precision": 0.7647058823529411,
        "recall": 0.7222222222222222,
        "f1-score": 0.7428571428571429,
        "support": 18.0
    },
    "Train": {
        "precision": 0.7666666666666667,
        "recall": 0.9583333333333334,
        "f1-score": 0.8518518518518519,
        "support": 24.0
    },
    "Walk": {
        "precision": 0.8513513513513513,
        "recall": 0.9333333333333333,
        "f1-score": 0.8904593639575972,
        "support": 135.0
    },
    "accuracy": 0.8157389635316699,
    "macro avg": {
        "precision": 0.7628864373460115,
        "recall": 0.7980166717165159,
        "f1-score": 0.7727377898351362,
        "support": 521.0
    },
    "weighted avg": {
        "precision": 0.8320466638740391,
        "recall": 0.8157389635316699,
        "f1-score": 0.8165619756911546,
        "support": 521.0
    }
}