{
    "Bike": {
        "precision": 0.8895705521472392,
        "recall": 0.9602649006622517,
        "f1-score": 0.9235668789808917,
        "support": 151.0
    },
    "Bus": {
        "precision": 0.888,
        "recall": 0.7254901960784313,
        "f1-score": 0.7985611510791367,
        "support": 153.0
    },
    "Car & taxi": {
        "precision": 0.5116279069767442,
        "recall": 0.55,
        "f1-score": 0.5301204819277109,
        "support": 40.0
    },
    "Subway": {
        "precision": 0.7222222222222222,
        "recall": 0.7222222222222222,
        "f1-score": 0.7222222222222222,
        "support": 18.0
    },
    "Train": {
        "precision": 0.7586206896551724,
        "recall": 0.9166666666666666,
        "f1-score": 0.8301886792452831,
        "support": 24.0
    },
    "Walk": {
        "precision": 0.8671328671328671,
        "recall": 0.9185185185185185,
        "f1-score": 0.8920863309352518,
        "support": 135.0
    },
    "accuracy": 0.8387715930902111,
    "macro avg": {
        "precision": 0.7728623730223741,
        "recall": 0.7988604173580152,
        "f1-score": 0.782790957398416,
        "support": 521.0
    },
    "weighted avg": {
        "precision": 0.8424646895738275,
        "recall": 0.8387715930902111,
        "f1-score": 0.8372350424116636,
        "support": 521.0
    }
}